;Tweets;len;ID;Created;Source;Likes;RTs
0;"RT @WarungSejarahRI: Ateisme dewasa ini; potret kegagalan Manusia modern

Oleh: Ignace Lepp

Tahun 1985
190 Halaman

Harga 55.000
Minat?‚Ä¶";137;1579380961988710400;2022-10-10 07:58:59;Twitter for iPhone;0;2
1;Iya nggak? https://t.co/QvT8ccmxen;34;1579380792786325504;2022-10-10 07:58:19;Twitter for iPhone;1908;174
2;Selamat datang, Senin. Silakan. || üì∏ @tiyanglestrek https://t.co/ZHaHWugHP0;75;1579305790804201472;2022-10-10 03:00:17;Twitter for iPhone;593;11
3;Eh, yg 2 tahun lalu katanya sedih krn gak bisa maulidan bareng krn pandemi. Sekarang, pas udah bisa, maulidan nggak?;116;1579065562310721537;2022-10-09 11:05:42;Twitter for iPhone;2066;121
4;@jek___ ((BIP)) Badan Ideologi Pancasila?;41;1579053358366629888;2022-10-09 10:17:12;Twitter for iPhone;71;0
5;@tiyanglestrek Siap.;20;1579046656929996800;2022-10-09 09:50:34;Twitter for iPhone;1;0
6;Minggu sore, ngopi di sungai yg airnya hitam di Palangkaraya. https://t.co/AaPIMc1gyX;85;1579046183858683904;2022-10-09 09:48:42;Twitter for iPhone;1664;23
7;@tiyanglestrek Dua ini. Yg digambar yg saya aja ya. https://t.co/yhJKtOnq9o;75;1579032741538312193;2022-10-09 08:55:17;Twitter for iPhone;3;0
8;@tiyanglestrek Yaudah, saya order.;34;1579031463408066562;2022-10-09 08:50:12;Twitter for iPhone;4;0
9;Minggu ngapain?;15;1579005190115852288;2022-10-09 07:05:48;Twitter for iPhone;561;13
10;"Animasi Terbaru &gt;&gt; https://t.co/1C6QXexXWx. https://t.co/5TmGqX4cYH";73;1578940366946209793;2022-10-09 02:48:13;Twitter for iPhone;224;17
11;"Saya Live Sekarang dari Palangkaraya &gt;&gt; https://t.co/yJssaaRYjr.";70;1578902223748141057;2022-10-09 00:16:39;Twitter for iPhone;96;7
12;Hari ini Maulid Nabi. Pokok apapun yg terjadi, gimana perasaan kita harus tetap dijaga agar tak ada suatu kesedihan‚Ä¶ https://t.co/DJiL632xiE;140;1578628559215955969;2022-10-08 06:09:12;Twitter for iPhone;4334;842
13;Sudah ngopi? https://t.co/R523T4CYV7;36;1578582679196291072;2022-10-08 03:06:54;Twitter for iPhone;1203;27
14;Maulid Nabi Muhammad Saw.;25;1578551141847035904;2022-10-08 01:01:34;Twitter for iPhone;8909;1250
15;"RT @WarungSejarahRI: Paket buku

1. Syekh Siti Jenar; Makna ""Kematian""
Oleh; Achmad Chodjim.

2. Syekh Siti Jenar; Pergumulan Islam-Jawa. O‚Ä¶";140;1578546463138664448;2022-10-08 00:42:59;Twitter for iPhone;0;4
16;"RT @WarungSejarahRI: Paket buku Tafsir Qur'an

Tafsir Adz-dzikra
Tafsir Yusuf Ali
Tafsir Fi Zhilalil Quran

22 buku.
Hardcover
Berat 20 kg‚Ä¶";139;1578546074611945473;2022-10-08 00:41:26;Twitter for iPhone;0;3
17;"RT @WarungSejarahRI: Buku Lawas&gt; Cerita Dari Digul. 

Penyunting Pramoedya Ananta Toer. 

Tahun 2004. 
314 halaman. 

Harga 200.000.
Minat?‚Ä¶";143;1578538510562140160;2022-10-08 00:11:23;Twitter for iPhone;0;4
18;RT @Husen_Jafar: Kalau kamu, apa pesannya jika bisa chat Nabi Muhammad? https://t.co/fQdIn54K3Y;95;1578430635026182144;2022-10-07 17:02:43;Twitter for iPhone;0;837
19;Kalau kamu, apa pesannya jika bisa chat Nabi Muhammad? https://t.co/fQdIn54K3Y;78;1578368156086677505;2022-10-07 12:54:27;Twitter for iPhone;4329;837
20;"Video Baru Tentang Maulid Nabi: ‚ÄúKenapa Nabi Muhammad Manusia Biasa?‚Äù &gt;&gt; https://t.co/W9ehNNuk18. https://t.co/0OOyDySFwh";127;1578340505556905984;2022-10-07 11:04:35;Twitter for iPhone;183;20
21;"Podcast Terbaru: ‚ÄúKDRT &amp; Selingkuh‚Äù &gt;&gt; https://t.co/OZxLN4GOfY. https://t.co/CjMcAQ03NT";97;1578304496693698560;2022-10-07 08:41:30;Twitter for iPhone;173;18
22;RT @Husen_Jafar: Jodoh 404 Not Found! https://t.co/ts6kAzlE0e;61;1578298113512480773;2022-10-07 08:16:08;Twitter for iPhone;0;393
23;Nih versi gabungannya. https://t.co/cytXWOSNaB;46;1578287262499946496;2022-10-07 07:33:01;Twitter for iPhone;339;69
24;Jodoh 404 Not Found! https://t.co/ts6kAzlE0e;44;1578286989308178432;2022-10-07 07:31:56;Twitter for iPhone;2165;393
25;Dulu menulis, sekarang menulis, dan selamanya menulis. Ini tulisan saya di Jawa Pos hari ini bertema Maulid Nabi Mu‚Ä¶ https://t.co/VK8WaFxlL6;140;1578267957729193984;2022-10-07 06:16:18;Twitter for iPhone;2287;338
26;RT @Husen_Jafar: Saya membuat postingan ini sembari bershalawat, dan mau mengajak kamu, iya kamu, yang melihat postingan ini untuk juga ber‚Ä¶;140;1578267191639539712;2022-10-07 06:13:15;Twitter for iPhone;0;1107
27;Apa tema khutbah Jum‚Äôat di masjidmu tadi? Ini salah satu tema yg penting: ‚ÄúMenjaga Lingkungan Bagian dari Tujuan Sy‚Ä¶ https://t.co/H1RUueYNUz;140;1578263939409772545;2022-10-07 06:00:20;Twitter for iPhone;119;19
28;Nabi Adam metik satu buah, jatuh dari surga. Eh kita nebangin pohon secara zalim ingin masuk surga? Mimpi! #DemiBumi;116;1578263017363382272;2022-10-07 05:56:40;Twitter for iPhone;2495;479
29;Saya membuat postingan ini sembari bershalawat, dan mau mengajak kamu, iya kamu, yang melihat postingan ini untuk j‚Ä¶ https://t.co/E2gaIrEoKf;140;1578090565870100480;2022-10-06 18:31:25;Twitter for iPhone;4441;1107
30;"Donasi kalian sudah mulai dan akan terus disalurkan. Terima kasih. üôè || Donasi &gt;&gt; https://t.co/DxkeERZPgl.‚Ä¶ https://t.co/y1em6XCtXS";137;1578017284404105216;2022-10-06 13:40:13;Twitter for iPhone;166;22
31;"RT @WarungSejarahRI: Berebut Jiwa Bangsa.

Oleh; Franz Magnis-Suseno.

Tahun 2007.
 392 Halaman

Harga 75.000. 
Minat?  

Cara Order silaka‚Ä¶";140;1577935564552040449;2022-10-06 08:15:29;Twitter for iPhone;0;2
32;Dari @JuventusFC utk korban di Stadion Kanjuruhan, Malang. https://t.co/nLUToIHAIo;82;1577738630956601344;2022-10-05 19:12:57;Twitter for iPhone;2017;189
33;@Puthutea Bagus atau tidak itu bukankah relatif, Kisanak?;57;1577626035440394241;2022-10-05 11:45:32;Twitter for iPhone;67;3
34;Ngobrolin Kristen Ortodox buat @Noice_ID bareng salah satu tokohnya: Romo Boris. https://t.co/Vzrqc1cJbM;104;1577572139967709184;2022-10-05 08:11:22;Twitter for iPhone;985;30
35;RT @Ayang_Utriza: Bagi yang tidak sempat mengikuti secara langsung diskusi Tionghoa Batavia ini, dan tertarik mau tahu, silakan simak di ta‚Ä¶;140;1577370290925236224;2022-10-04 18:49:18;Twitter for iPhone;0;11
36;Di luar hujan. Di dalam rumah baca Maulid. Di luar rahmat, di dalam syafaat.;76;1577277187152965632;2022-10-04 12:39:20;Twitter for iPhone;2499;264
37;Tiap pagi ngirim kabar ghibah. Sungguh suatu privilege utk masuk neraka. ü§£ https://t.co/IJQO01CoHu;98;1577137776709206017;2022-10-04 03:25:22;Twitter for iPhone;314;19
38;"Kerja keras hari ini dimulai dgn nahan gak melorot di jok motor ojek online. Jok motor yg polos &amp; licin ini sungguh‚Ä¶ https://t.co/NMI4WMBzy9";144;1577137360613306371;2022-10-04 03:23:43;Twitter for iPhone;994;30
39;Firman-Nya, ‚Äú‚Ä¶Barangsiapa memelihara kehidupan seorang manusia, maka seakan ia telah memelihara kehidupan semua man‚Ä¶ https://t.co/yzp8GpxtTt;140;1576899761558257664;2022-10-03 11:39:35;Twitter for iPhone;7394;1625
40;RT @kumparan: Sejumlah pemain dan official Arema FC mendatangi Stadion Kanjuruhan di Malang, Senin (3/10). Kedatangan tersebut sebagai bent‚Ä¶;140;1576884464285675520;2022-10-03 10:38:48;Twitter for iPhone;0;1446
41;"RT @WarungSejarahRI: Sari Sejarah Filsafat Barat

Oleh: Dr. Harun Hadiwijono

118 Halaman
Tahun 1989

Harga 55.000
Minat?  

Cara Order sil‚Ä¶";140;1576755190320939008;2022-10-03 02:05:06;Twitter for iPhone;0;3
42;Hi @JuventusFC. Why? https://t.co/znqDym7qby;44;1576659735989796864;2022-10-02 19:45:48;Twitter for iPhone;139;14
43;@GxMxL @juventusfc Saya tak ngecek krn tak tahu jg apa aja akun Juvetus. Kalau memang benar belum sampaikan ungkapa‚Ä¶ https://t.co/Gnr5AEo9XK;140;1576605567690240003;2022-10-02 16:10:33;Twitter for iPhone;103;6
44;"RT @PostinusGul: Bapa Paus Fransiskus turut berduka cita dan mendoakan para korban tragedi Kanjuruhan, Malang. 

RIP untuk korban meninggal‚Ä¶";140;1576605113413574656;2022-10-02 16:08:45;Twitter for iPhone;0;221
45;Mari fokus ‚Äúmenyalakan cahaya‚Äù di tengah Tragedi Kanjuruhan. Sekecil apapun, semampu kita. Buat kalian yg bingung m‚Ä¶ https://t.co/fYPiOnm48E;140;1576602168735387648;2022-10-02 15:57:03;Twitter for iPhone;549;109
46;"RT @WarungSejarahRI: Buku Langka&gt; 

-Tjelaka Negara Jang Tidak Bertuhan.

-Hakkul Jakin Tuhan Ada

Pidato Bung Karno. 

Tahun 1965. 
39 hal‚Ä¶";143;1576593966073421825;2022-10-02 15:24:27;Twitter for iPhone;0;4
47;"RT @Husen_Jafar: Bismillah! Bersama @GUSDURians Yuk &gt;&gt; https://t.co/DxkeERZPgl. https://t.co/9kZbx7DXIP";109;1576588564640342016;2022-10-02 15:03:00;Twitter for iPhone;0;473
48;"Bismillah! Bersama @GUSDURians Yuk &gt;&gt; https://t.co/DxkeERZPgl. https://t.co/9kZbx7DXIP";92;1576513717352570882;2022-10-02 10:05:35;Twitter for iPhone;1656;473
49;Seorang Ibu, bertanya-tanya, kemana anaknya yg semalam pamit nonton bola di stadion? Ia lihat di TV, semua pihak sa‚Ä¶ https://t.co/QfuAj7fqf1;140;1576506394760470528;2022-10-02 09:36:29;Twitter for iPhone;9964;1865
50;Seorang Ibu, jelang subuh, menengok kasur anaknya masih kosong. Perasaannya tak enak. Namun ia berpikir, anaknya ke‚Ä¶ https://t.co/rGf9cNZm2c;140;1576505487763206144;2022-10-02 09:32:52;Twitter for iPhone;49891;8331
51;"RT @WarungSejarahRI: Islam dan Pancasila sebagai Dasar Negara; studi tentang perdebatan dalam konstituante

Karya Ahmad Syafii Maarif

Tahu‚Ä¶";140;1576467078977945601;2022-10-02 07:00:15;Twitter for iPhone;0;2
52;"RT @WarungSejarahRI: Islam Fungsional; Revitalisasi &amp; Re aktualisasi nilai-nilai Keislaman

Karya Prof. DR. H. Nasaruddin Umar, MA. 

Tahun‚Ä¶";144;1576466746562617344;2022-10-02 06:58:56;Twitter for iPhone;0;2
53;"RT @WarungSejarahRI: Dunia Sophie; sebuah novel Filsafat

Karya Jostein Gaarder

Tahun 2018
798 halaman

Harga 100.000
Minat? 

Cara Order‚Ä¶";139;1576446743469707264;2022-10-02 05:39:27;Twitter for iPhone;0;4
54;Tragedi Kemanusiaan. Ya Rabb.;29;1576291404657016832;2022-10-01 19:22:11;Twitter for iPhone;12397;1616
55;"RT @dovityindah: akhirnya dapat juga bukunya Bib @Husen_Jafar , setelah didaerahku ndak ada yang jual, isi bukunya 10/10!!! Judulnya ""tuhan‚Ä¶";140;1576237071668154368;2022-10-01 15:46:17;Twitter for iPhone;0;8
56;RT @Husen_Jafar: Jum‚Äôat. Waktu Indonesia Komik (WIK). https://t.co/VBkwkRrkeG;77;1575806170538774528;2022-09-30 11:14:02;Twitter for iPhone;0;299
57;"RT @KatalisBooks: #BukuLaris | #SeniMerayuTuhan| @Husen_Jafar | @PenerbitMizan | Rp69.000 | Pesan: https://t.co/cXpYhgOLcS

Shopee: https:/‚Ä¶";140;1575784759019511808;2022-09-30 09:48:57;Twitter for iPhone;0;5
58;"RT @KatalisBooks: #BukuLaris | #TuhanAdaDiHatimu | @Husen_Jafar | @NouraPublishing | Rp69.000 | Pesan: https://t.co/cXpYhgOLcS

Shopee: htt‚Ä¶";140;1575784745224413186;2022-09-30 09:48:54;Twitter for iPhone;0;2
59;Jum‚Äôat. Waktu Indonesia Komik (WIK). https://t.co/VBkwkRrkeG;60;1575784726664687617;2022-09-30 09:48:50;Twitter for iPhone;1735;299
60;RT @RaVi_Fathu22: Islam mengajarkan tentang cinta sebagai wujud rahmat-Nya kepada siapa saja tanpa pilih-pilih, kalau hanya cinta kepada ya‚Ä¶;140;1575741185745776641;2022-09-30 06:55:49;Twitter for iPhone;0;29
61;@Adriandhy Turut berduka. üôè;27;1575542503792517121;2022-09-29 17:46:19;Twitter for iPhone;118;0
62;RT @Adibmuhas____: Selain jadi penceramah ternyata beliau masuk skuad setan merah juga @Husen_Jafar;99;1575050939760709639;2022-09-28 09:13:01;Twitter for iPhone;0;3
63;"RT @sayid__machmoed: ŸÑÿßÿπÿ®ÿ© ŸÖÿ≥ŸÑŸÖÿ© ÿ≥ŸÇÿ∑ ÿ≠ÿ¨ÿßÿ®Ÿáÿß ŸÅÿ£ÿ≠ÿßÿ∑Ÿàÿß ÿ®Ÿáÿß ŸÑ€åÿ≥ÿ™ÿ±ŸàŸÜŸáÿß ÿ±ÿ∫ŸÖ ÿßŸÜŸáŸÜ ÿ∫€åÿ± ŸÖÿ≥ŸÑŸÖÿßÿ™ÿå ÿßÿ≥ÿ™ÿ≠ŸÇŸàÿß ÿπŸÑ€åŸá ÿ™ÿµŸÅ€åŸÇ ÿßŸÑÿ≠ÿ∂Ÿàÿ± ŸÇŸÖÿ© ÿßŸÑÿ£ÿÆŸÑÿßŸÇ

Seorang pemai‚Ä¶";140;1574703487241228290;2022-09-27 10:12:22;Twitter for iPhone;0;68
64;Ila ruh Syekh Yusuf Qardhawi, Al-Fatehah.;41;1574431643749609472;2022-09-26 16:12:10;Twitter for iPhone;709;57
65;Memasuki Bulan Kelahiran Nabi Muhammad Saw. Kalau bukan karena Beliau Saw, tak diciptakan segala sesuatu. Maka, tak‚Ä¶ https://t.co/4q8V3DYgQE;140;1574412003392704513;2022-09-26 14:54:07;Twitter for iPhone;2582;407
66;Senin sudah selesai. Berapapun rezeki yg kita dapatkan hari ini, ia layak utk dirayakan dgn Ratib Haddad.;105;1574353375709212672;2022-09-26 11:01:09;Twitter for iPhone;2318;359
67;@gayengco Oh iyah. ü§£;20;1574271250582540288;2022-09-26 05:34:49;Twitter for iPhone;9;0
68;Ada yg ngirimin video ini. Yaudah aku share sbg pengingat yg baik buat kita. https://t.co/jrYa2FBp2w;100;1574270219916218368;2022-09-26 05:30:43;Twitter for iPhone;2181;408
69;"RT @edi_akhiles: Klo pengin punya anak, lazimkan doa ini:

ÿ±ÿ®ŸÜÿß ÿ£ÿ™ŸÜÿß ŸÖŸÜ ŸÑÿØŸÜŸÉ ÿ∞ÿ±Ÿäÿ© ÿ∑Ÿäÿ®ÿ© ÿ•ŸÜŸÉ ÿ≥ŸÖŸäÿπ ÿßŸÑÿØÿπÿßÿ°";102;1573740658950479874;2022-09-24 18:26:26;Twitter for iPhone;0;306
70;@harismz @mnadielmadani7 @msholehzain Versi di Youtubenya yg jg dishare oleh akun itu sebenarnya sudah menjelaskan.‚Ä¶ https://t.co/iRmVgY86bP;140;1573690595586940929;2022-09-24 15:07:30;Twitter for iPhone;38;5
71;Muhammadiyah yg ngerokok itu yg Malikiyah (ikut Pak Malik Fadjar). Klu yg Syafi‚Äôiyah (ikut Buya Syafii) gak ngeroko‚Ä¶ https://t.co/4TB0IyoYO4;140;1573622799905697793;2022-09-24 10:38:06;Twitter for iPhone;447;36
72;@nnurulamalia Woi!;18;1573619389219291137;2022-09-24 10:24:33;Twitter for iPhone;8;0
73;@anwarku_r Heh! Apa kaitannya? ü§£;32;1573619261448167424;2022-09-24 10:24:03;Twitter for iPhone;31;0
74;@picoez Loh tampaknya aja, bukan nyatanya?;42;1573615176934301697;2022-09-24 10:07:49;Twitter for iPhone;24;0
75;Sudah Habib? https://t.co/t6nlbe03i6;36;1573611675218939904;2022-09-24 09:53:54;Twitter for iPhone;5377;138
76;"RT @WarungSejarahRI: Unholy War; Teror atas nama Islam

Karya John L. Esposito

Tahun 2003
223 halaman

Harga 95.000.
Minat?

Order:
‚úìDM or‚Ä¶";140;1573563234337988608;2022-09-24 06:41:25;Twitter for iPhone;0;2
77;RT @Husen_Jafar: Ada yg halal, kok malah ke yg haram? https://t.co/H5Cs2Q4GyH;77;1573521820182974464;2022-09-24 03:56:51;Twitter for iPhone;0;287
78;Ada yg halal, kok malah ke yg haram? https://t.co/H5Cs2Q4GyH;60;1573187404022022145;2022-09-23 05:48:00;Twitter for iPhone;2139;287
79;RT @WarungSejarahRI: Tahun 1912. Tangkapan yang sangat menarik akhir bulan ini!!! https://t.co/EnBwhSoNIs;105;1573024984661839872;2022-09-22 19:02:36;Twitter for iPhone;0;9
80;"RT @ydp_prabowo: https://t.co/S1afaR0XUO

Renungan malam dari Habib @Husen_Jafar üôèüèº‚ú®";84;1572586001792663552;2022-09-21 13:58:14;Twitter for iPhone;0;2
81;Serambi dari Serambi Makkah. https://t.co/r5NN4HRoTw;52;1572155793897852930;2022-09-20 09:28:45;Twitter for iPhone;1308;68
82;"Jelang dini hari, bersama Yai @LukmanSaifuddin, Kang @OFathurahman, dan guru lainnya bertakziyah &amp; menunggu kedatan‚Ä¶ https://t.co/dXDigMili7";144;1571913243832233984;2022-09-19 17:24:56;Twitter for iPhone;858;36
83;@nurhasannn Lahul-Fatehah. Turut berduka, Gus. Husnul khotimah insyaAllah.;74;1571742500146278400;2022-09-19 06:06:28;Twitter for iPhone;29;0
84;Selamat Makan! https://t.co/rdq7t8213g;38;1571569849931005952;2022-09-18 18:40:25;Twitter for iPhone;1411;43
85;Roma masih kalah ya, Mas @Puthutea? Soalnya gak sempet nonton ini.;66;1571553437237805057;2022-09-18 17:35:12;Twitter for iPhone;77;0
86;Juve kalah, untung Indonesia menang.;36;1571526928007581704;2022-09-18 15:49:51;Twitter for iPhone;414;31
87;Allegri sungguh tersesat.;25;1571526158377955334;2022-09-18 15:46:48;Twitter for iPhone;666;116
88;Juve nih butuh dirukyah sih. Serius! ü§£ https://t.co/FzCNfVSjIM;62;1571513761575632896;2022-09-18 14:57:32;Twitter for iPhone;259;49
89;"RT @WarungSejarahRI: Paket buku Karya Prof. Dr. Azyumardi Azra. M. A. 

1. Jihad, Kholafah, dan Terorisme
2. Renaisans Islam
3. Masyarakat‚Ä¶";139;1571493553599320067;2022-09-18 13:37:14;Twitter for iPhone;0;13
90;Juve lawan tim paling bawah klasemen. Apa iya imbang?!;54;1571488382181871617;2022-09-18 13:16:41;Twitter for iPhone;158;9
91;@Puthutea Heh!;14;1571482832396259330;2022-09-18 12:54:38;Twitter for iPhone;13;0
92;@Puthutea @comika_id Gak konsisten, kyk mainnya Roma aja.;57;1571450077125955585;2022-09-18 10:44:29;Twitter for iPhone;23;0
93;@irfan_nuruddin @comika_id Belum saya tayangin vlognya, Gus. üòÅ;62;1571449947836518401;2022-09-18 10:43:58;Twitter for iPhone;1;0
94;Semalam, utk pertama kalinya, Stand Up Comedy. Saya sih menyebutnya Stand Up Religi. Seru. Ini bagian dari rencana‚Ä¶ https://t.co/VWE18nARpi;139;1571426794519269376;2022-09-18 09:11:58;Twitter for iPhone;4068;422
95;Beli. Baca. Biar pikiran, perkataan, dan sikapmu berbudaya. https://t.co/9GIbOhGFXm;83;1571401000602435584;2022-09-18 07:29:28;Twitter for iPhone;238;22
96;"RT @WarungSejarahRI: Paket borongan Buku Karya Emha Ainun Nadjib (Cak Nun).

14 Buku/judul
Tahun 1990-2018
Berat 3 kg

Harga 950.000
Minat?‚Ä¶";140;1571400671592849414;2022-09-18 07:28:09;Twitter for iPhone;0;14
97;Terakhir ngobrol panjang dgn alm. Pak Azyumardi Azra itu sebelum pandemi, saat saya mewawancarai Beliau utk tayanga‚Ä¶ https://t.co/XqhqfavXPI;140;1571381828262699008;2022-09-18 06:13:17;Twitter for iPhone;358;33
98;ü§£ Bahas: Kok bisa ya Salafi lucu? https://t.co/yClNbjxgyT;57;1571371210705096704;2022-09-18 05:31:05;Twitter for iPhone;2990;368
99;RT @salafigarislucu: King @Husen_Jafar ketemu ratu elizabet bahas apa ya? https://t.co/cxhJTcu48a;97;1571371032958869506;2022-09-18 05:30:23;Twitter for iPhone;0;1170
100;Next target jadi wakil rektor. ü§£ https://t.co/UMO8IqRxoQ;56;1571221816865329152;2022-09-17 19:37:27;Twitter for iPhone;148;7
101;Usahakan namamu muncul dlm istikharahnya dgn kau sisipkan namanya dlm doamu di sepertiga malam. Begitu coba.;108;1571218114045677570;2022-09-17 19:22:44;Twitter for iPhone;5151;908
102;"RT @Husen_Jafar: Sebisa mungkin tahajud. Kalau belum bisa, upayakan tetap bangun lalu baca zikir &amp; salawat. Kalau masih gagal, niatkan aja‚Ä¶";143;1571040113785982978;2022-09-17 07:35:26;Twitter for iPhone;0;11134
103;Menjelang sore. Rezeki sudah di tangan, masih samar, atau gimana?;65;1571037492807344133;2022-09-17 07:25:01;Twitter for iPhone;687;31
104;@r_zecky @NUgarislucu Joss! Meski bisa banget sih gak usah dipilih alias gak dilakuin keduanya. ü§£;97;1571035813747752961;2022-09-17 07:18:21;Twitter for iPhone;2;0
105;RT @aurkejel: gue jarang bgt tahajud tp tiap gue tahajud pasti kekabul bener bener sesuai yang gue doain üò≠ gillllaaakkkkk cuma ya susah ban‚Ä¶;140;1571033148225654785;2022-09-17 07:07:45;Twitter for iPhone;0;16
106;@DWaralaba Amin.;16;1570850458364956672;2022-09-16 19:01:48;Twitter for iPhone;11;0
107;"Sebisa mungkin tahajud. Kalau belum bisa, upayakan tetap bangun lalu baca zikir &amp; salawat. Kalau masih gagal, niatk‚Ä¶ https://t.co/KgghRaZ6IW";144;1570848512736366592;2022-09-16 18:54:05;Twitter for iPhone;42821;11134
108;RT @Husen_Jafar: Besok malah diminta stand up. Duh! https://t.co/BKKJN7zK2Q;75;1570747109837770754;2022-09-16 12:11:08;Twitter for iPhone;0;26
109;@Puthutea Begitulah Juve. Enggan terlampau berkuasa, menang terus. Makanya berbagi agar kompetisi berjalan seru. üòâ;114;1570743509765980160;2022-09-16 11:56:50;Twitter for iPhone;25;0
110;RT @Husen_Jafar: Ini lho tanda kiamat. https://t.co/MGFDU238zy;62;1570701367257473029;2022-09-16 09:09:22;Twitter for iPhone;0;618
111;Besok malah diminta stand up. Duh! https://t.co/BKKJN7zK2Q;58;1570694234457636864;2022-09-16 08:41:02;Twitter for iPhone;410;26
112;@Puthutea Amalannya: ‚ÄúMenang jangan sombong, kalah apalagi.‚Äù;60;1570690030393524225;2022-09-16 08:24:19;Twitter for iPhone;32;2
113;Ini buat dishare ke grup WA kalian. https://t.co/ZprxO3hYwq;59;1570609254645796867;2022-09-16 03:03:21;Twitter for iPhone;651;98
114;Ini lho tanda kiamat. https://t.co/MGFDU238zy;45;1570609066724175872;2022-09-16 03:02:36;Twitter for iPhone;3702;618
115;@Puthutea Sampeyan ini penonton atau wasit?;43;1570496230224166913;2022-09-15 19:34:14;Twitter for iPhone;39;1
116;Jam segini masih mikirin jodoh? Yaudah gini aja, agar tahu kualitas cintanya tanpa spekulasi, cek aja apa yg dicint‚Ä¶ https://t.co/kDtPu5th6Q;140;1570482331890360320;2022-09-15 18:39:00;Twitter for iPhone;3088;695
117;RT @Husen_Jafar: Dan, akhirnya utk pertama kalinya saya Stand Up. Tp gak berani ngeklaim sbg Stand Up Comedy sih, paling lebih ke Stand Up‚Ä¶;139;1570409814173548544;2022-09-15 13:50:51;Twitter for iPhone;0;55
118;Daripada Allegri, mending Juve angkat Mas @Puthutea aja jadi pelatih. Kalau mau lawak itu totalitas gitu lho.;109;1570202881189638146;2022-09-15 00:08:34;Twitter for iPhone;302;32
119;Dan, akhirnya utk pertama kalinya saya Stand Up. Tp gak berani ngeklaim sbg Stand Up Comedy sih, paling lebih ke St‚Ä¶ https://t.co/rU5IUi37eq;140;1570201944660283393;2022-09-15 00:04:51;Twitter for iPhone;567;55
120;@Puthutea Njenengan awas dicari Pesulap Merah lho, Mas. Nanti diungkap triknya ini.;83;1570000726952411136;2022-09-14 10:45:17;Twitter for iPhone;90;2
121;Hei. Kamu. Tidur dulu. Nanti pas bangun, baru pikirin lg.;57;1569764589155553280;2022-09-13 19:06:57;Twitter for iPhone;1016;151
122;Eh, ternyata @UstSegafBaharun punya akun Twitter. Waini langsung follow biar TL-mu adem kyk ubin masjid. ü§£ https://t.co/XLByeyxAMF;130;1569586771142516738;2022-09-13 07:20:22;Twitter for iPhone;491;17
123;"RT @danielolak: Semua orang punya kekafirannya sendiri-sendiri, tapi lebih suka mengurusi kekafiran orang lain

- Habib Ja'far -
@Husen_Jaf‚Ä¶";140;1569574953221255169;2022-09-13 06:33:24;Twitter for iPhone;0;54
124;RT @hongjs95: maafkan diriku yg baru baca skrg bibüòîüôè @Husen_Jafar https://t.co/iAMd10Hm28;89;1569574912880427008;2022-09-13 06:33:15;Twitter for iPhone;0;8
125;Kalau kita mendengarkan apa kata orang, gakkan ada habisnya dlm pesimisme. Adapun kalau kita mendengarkan apa kata‚Ä¶ https://t.co/U6gA5VmWgA;139;1569475923459862528;2022-09-12 23:59:54;Twitter for iPhone;1929;184
126;Buku barunya Gus Prof. @Ayang_Utriza. Tp ingat, meski covernya bagus, jangan menilai buku dari covernya. Krn isinya‚Ä¶ https://t.co/ScW8Bni7RB;140;1569369288368361473;2022-09-12 16:56:10;Twitter for iPhone;249;28
127;Gimana hari ini?;16;1569304076390920194;2022-09-12 12:37:02;Twitter for iPhone;605;15
128;@ammar_abdillah Amin Ya Rabb.;29;1569141711838023683;2022-09-12 01:51:52;Twitter for iPhone;8;0
129;Memulai Senin dgn kesadaran optimis bahwa yg murka pd Tuhan saja dikasih rezeki kok.;84;1569135190588653570;2022-09-12 01:25:57;Twitter for iPhone;1759;376
130;"@Puthutea Betapapun seri, ia masih tetap pantas disyukuri dgn secangkir kopi &amp; sedikit kesal. üòÅ";99;1569134035812884480;2022-09-12 01:21:21;Twitter for iPhone;50;1
131;Mandi lama, shalat bentar. Padahal mandi cuma bersihin aspek lahir, sedangkan shalat bersihin aspek batin yg lebih‚Ä¶ https://t.co/KIiieU7uuM;139;1568906154046296066;2022-09-11 10:15:50;Twitter for iPhone;2624;481
132;"RT @WarungSejarahRI: Langka

Nama Indonesia (Penemuan Komunis?)
 
Oleh; Mohammad Hatta.

Tahun 1980.
31 Halaman.

Harga 350.000.
Minat?

Ca‚Ä¶";140;1568807873026879488;2022-09-11 03:45:18;Twitter for iPhone;0;11
133;Perasaan jomblo saat melihat hujan di malam Minggu: https://t.co/pJbcVUSeSc;75;1568582191931863042;2022-09-10 12:48:32;Twitter for iPhone;798;63
134;"RT @studie_things: Seni Merayu Tuhan 
@Husen_Jafar https://t.co/1qglwtZeYQ";74;1568265149903179776;2022-09-09 15:48:43;Twitter for iPhone;0;62
135;Melingkar di Maiyah @KenduriCinta.;34;1568259305480290307;2022-09-09 15:25:29;Twitter for iPhone;205;24
136;"RT @Husen_Jafar: Iseng nulis buat jadi hiburan ke Mas @Puthutea yg Roma tak kunjung membanggakan: ‚ÄúTutorial Dakwah‚Äù &gt;&gt; https://t.co/swxu38B‚Ä¶";146;1568258023986180096;2022-09-09 15:20:24;Twitter for iPhone;0;15
137;"Iseng nulis buat jadi hiburan ke Mas @Puthutea yg Roma tak kunjung membanggakan: ‚ÄúTutorial Dakwah‚Äù &gt;&gt;‚Ä¶ https://t.co/zpCLLS6Gd9";132;1568234514455101440;2022-09-09 13:46:59;Twitter for iPhone;172;15
138;"RT @Husen_Jafar: Akhirnya, setelah 7 purnama, komik ‚ÄúHabib &amp; Friends‚Äù kembali. Ho‚Äôoh Tenan! https://t.co/JWEcpI8ybO";119;1568188833841451011;2022-09-09 10:45:28;Twitter for iPhone;0;157
139;"RT @fredypstyo: Ijin baca bib @Husen_Jafar 
Maaf baru bisa beli sekarang.
Maklum saya kaum Deadwood bib. https://t.co/X8pkk10uYE";128;1568172763986407430;2022-09-09 09:41:36;Twitter for iPhone;0;7
140;"Akhirnya, setelah 7 purnama, komik ‚ÄúHabib &amp; Friends‚Äù kembali. Ho‚Äôoh Tenan! https://t.co/JWEcpI8ybO";102;1568120591508717568;2022-09-09 06:14:17;Twitter for iPhone;1205;157
141;@MuhammadiyinGL @ismailfahmi Biar ada Habib di Muhammadiyah. ü§£;62;1567853121220800512;2022-09-08 12:31:28;Twitter for iPhone;43;2
142;@jey_mang Lahumul-Fatehah.;26;1567569232384393217;2022-09-07 17:43:23;Twitter for iPhone;0;0
143;2-1. Oke lah ya. Makasih, Juve.;31;1567254936630759424;2022-09-06 20:54:29;Twitter for iPhone;236;18
144;@Puthutea Mayan lah ya: 2-1.;28;1567254796205441024;2022-09-06 20:53:56;Twitter for iPhone;7;0
145;Ada yg mau disampaikan ke Habib? Tulis di kolom komentar aja ya. Nanti kami sampaikan. *NB: Jangan bahas Juve. Baha‚Ä¶ https://t.co/OoU2WOgxzn;140;1567238262393294849;2022-09-06 19:48:14;Twitter for iPhone;414;17
146;Kenapa malah nonton bola? Bukankah lebih baik tidur utk besok mengisi hari dgn optimis?! -Admin;95;1567235185086976001;2022-09-06 19:36:00;Twitter for iPhone;160;13
147;@Sport77Official @MamatAlkatiri Saya nontonnya di mimpi, Juve menang kok ini.;77;1567234795947835392;2022-09-06 19:34:27;Twitter for iPhone;14;2
148;@Puthutea Lebih baik kalah 2-0 di satu pertandingan daripada 1-0 di dua pertandingan. Begitu.;93;1567234664859070464;2022-09-06 19:33:56;Twitter for iPhone;24;0
149;Maaf! Habib ketiduran. -Admin;29;1567232149702721536;2022-09-06 19:23:56;Twitter for iPhone;320;11
150;Kok bisa gak gol itu loh.;25;1567231136384053248;2022-09-06 19:19:55;Twitter for iPhone;54;1
151;Juve dah kyk sirup. Dikocok mulu.;33;1567230231475519488;2022-09-06 19:16:19;Twitter for iPhone;105;17
152;Ada yg jual temulawak bisa dikirim ke bek Juve?;47;1567229381516623873;2022-09-06 19:12:56;Twitter for iPhone;80;7
153;Beknya kenapa dah?;18;1567228719554789376;2022-09-06 19:10:19;Twitter for iPhone;65;2
154;Kyk gol futsal aja.;19;1567227988202377216;2022-09-06 19:07:24;Twitter for iPhone;125;7
155;Juve.;5;1567226022164312065;2022-09-06 18:59:35;Twitter for iPhone;185;4
156;Yok bisa yok! https://t.co/Xl4twNSoln;37;1567150297537200128;2022-09-06 13:58:41;Twitter for iPhone;247;13
157;RT @sukaesgrem: @Husen_Jafar lapor, bib! udah tamat‚ú® https://t.co/d8YQLbMxzX;76;1567025895155855362;2022-09-06 05:44:21;Twitter for iPhone;0;5
158;@Puthutea Sungguh bijak Anda ini.;33;1566532300099112962;2022-09-04 21:02:59;Twitter for iPhone;5;0
159;Mengawali Senin. Jgn lupa sadari bahwa rezeki tak mesti uang. Bahwa harimu baik-baik saja ‚Äòpun itu rezeki. Bahkan,‚Ä¶ https://t.co/Qea2uQ6mes;139;1566529908741812224;2022-09-04 20:53:29;Twitter for iPhone;12236;4618
160;Apapun yg terjadi dgn Roma, tp jangan sampai membuat mata jadi tak bisa menikmati fajar, Mas @Puthutea. Menang atau‚Ä¶ https://t.co/uWl1ls8EAp;140;1566528911416037377;2022-09-04 20:49:31;Twitter for iPhone;202;9
161;Besok Senin. Hih! Serem.;24;1566425097081987072;2022-09-04 13:57:00;Twitter for iPhone;645;97
162;Pemuda Ansor, Pemuda Muhammadiyah, dan Pemuda Tersesat. ü§£ https://t.co/pX21DhiVWA;81;1566389471289159681;2022-09-04 11:35:26;Twitter for iPhone;2169;108
163;Pagi di Universitas Muhammadiyah Malang. Ada kalian yg di sini jg? https://t.co/YPDI9UNCXq;90;1565901906450321408;2022-09-03 03:18:02;Twitter for iPhone;927;32
164;Mau bikin film gini. Bagus nggak? https://t.co/GtB2jDU6xz;57;1565894678595006464;2022-09-03 02:49:18;Twitter for iPhone;2357;250
165;@Puthutea Saya kok malah jadi ingin marah ini. ü§£ Kalau jadi fans itu yg totalitas gitu lho, Mas. Btw, jersey Juve i‚Ä¶ https://t.co/yUrHjcPTp1;140;1565890686880100353;2022-09-03 02:33:27;Twitter for iPhone;69;0
166;"Berkah Jum‚Äôat. Urusan-urusan kita insyaAllah dipermudah-Nya. Kalau masih terasa sulit, tarik nafas &amp; ngopi. Lalu ja‚Ä¶ https://t.co/tE1aaauEvE";144;1565536228350447616;2022-09-02 03:04:57;Twitter for iPhone;1763;537
167;Subuh woi!;10;1565450414773809152;2022-09-01 21:23:58;Twitter for iPhone;816;50
168;@Puthutea Wah, boleh itu. Nanti saya jelaskan secara seksama dan dalam tempo yg sesingkat-singkatnja.;101;1565383843669893123;2022-09-01 16:59:26;Twitter for iPhone;5;0
169;@Puthutea Itu perutnya knp ya?;30;1565379530855895040;2022-09-01 16:42:18;Twitter for iPhone;7;0
170;"RT @Adriandhy: ‚ú®‚ÄúMALAM INI, DONGENGNYA SPESIAL..‚Äù ‚ú®
.
Dengan bangga dan riang hati, saya persembahkan OFFICIAL TEASER #FilmJUMBO, film anim‚Ä¶";140;1565372150688538624;2022-09-01 16:12:58;Twitter for iPhone;0;2186
171;@Puthutea Itu konsepnya ‚ÄúBerbeda Tapi Bersama‚Äù. Ya kyk jersey Juve lah, Mas. Itu lho yg scudettonya paling banyak.;114;1565370317005983744;2022-09-01 16:05:41;Twitter for iPhone;89;1
172;Membuka hari pertama September dgn kabar gembira ‚Äòkah?;54;1565232425554235392;2022-09-01 06:57:45;Twitter for iPhone;490;31
173;"@Puthutea Emang fans Roma selalu arogan &amp; sombong.";54;1565225002856640513;2022-09-01 06:28:15;Twitter for iPhone;89;4
174;Hub: @jek___. https://t.co/WQ28ET0Uy0;37;1565171956495699968;2022-09-01 02:57:28;Twitter for iPhone;3077;485
175;Masih pagi, sudah ketemu masalah?;33;1565144443824455681;2022-09-01 01:08:09;Twitter for iPhone;808;86
176;@iqbal_daryono @AgusMagelangan Kudu sat set sat set.;52;1564994279654961152;2022-08-31 15:11:27;Twitter for iPhone;17;1
177;@jek___ Maaf, sering dibicarakan tp kok gak centang biru, Tad? Dajjal aja centang biru lho.;91;1564961772770979843;2022-08-31 13:02:16;Twitter for iPhone;368;24
178;@jek___ Apalah arti dibicarakan penduduk dunia tp tak dibicarakan penduduk langit?;82;1564955610923220992;2022-08-31 12:37:47;Twitter for iPhone;260;23
179;Ini siapa: @jek___? Sering dimention followers soal akhlaknya yg tekor.;71;1564914509071822848;2022-08-31 09:54:28;Twitter for iPhone;1857;123
180;@Puthutea Tahun ini Juve fokus Ebtanas aja. ü§£;45;1564721364069625856;2022-08-30 21:06:58;Twitter for iPhone;0;0
181;@araanr_ Waini.;15;1564719145135968256;2022-08-30 20:58:09;Twitter for iPhone;0;0
182;@Puthutea Roma aman?;20;1564716724183654400;2022-08-30 20:48:32;Twitter for iPhone;1;0
183;@Puthutea Semua bumi adalah masjid, Mas. üòâ;42;1564715412150833152;2022-08-30 20:43:19;Twitter for iPhone;13;1
184;Kalau ke Lampung, enaknya kemana?;33;1564714376438771714;2022-08-30 20:39:12;Twitter for iPhone;270;6
185;Awali hari dgn optimisme. Bismillah!;36;1564372996734693376;2022-08-29 22:02:41;Twitter for iPhone;945;194
186;Kerja lancar, Lur?;18;1564155880521625602;2022-08-29 07:39:57;Twitter for iPhone;734;40
187;RT @nu_online: Profesi Para Nabi: dari Arsitek hingga Desain‚Äã‚Äã‚Äã‚Äã‚Äã‚Äã‚Äãer Baju Besi https://t.co/ptctOJw1j6;103;1563820364395728897;2022-08-28 09:26:43;Twitter for iPhone;0;30
188;"RT @mohammedsabeq: Bone &amp; Bali kelar! Selanjutnya tur buku &amp; stand-up comedy #BeginiDosaBegituDosa ada 4 kota lagi; Malang, Jogja, Jakarta,‚Ä¶";148;1563794908028080128;2022-08-28 07:45:34;Twitter for iPhone;0;6
189;Minggu kemana?;14;1563766880506040320;2022-08-28 05:54:12;Twitter for iPhone;225;4
190;Menang sih ini Juve kayaknya.;29;1563585627265781760;2022-08-27 17:53:58;Twitter for iPhone;166;2
191;Malam Minggu ngapain?;21;1563501045543682048;2022-08-27 12:17:52;Twitter for iPhone;371;9
192;"RT @0xwin07Pick: Buku Bib @Husen_Jafar sangat menarik..
Walaupun saya baru baca samplenya  di playbook.. üòä
Saya iseng bikin ilustrasi bukun‚Ä¶";140;1563091539277934592;2022-08-26 09:10:38;Twitter for iPhone;0;4
193;"RT @Araghutama: Farel...
Viralmu itu paling-paling 1-2 tahun. Tp kalo sampe ngga sekolah, yang rugi kamu...label kalo km udah ga terkenal y‚Ä¶";140;1562787179755028483;2022-08-25 13:01:13;Twitter for iPhone;0;311
194;"Maka, saya putuskan utk merevisi buku ini &amp; menerbitkannya dlm bentuk cetak insyaAllah. Ini buku bertema ‚ÄúIslam Cin‚Ä¶ https://t.co/Ey23u6KSrT";144;1562317609332133888;2022-08-24 05:55:19;Twitter for iPhone;123;12
195;RT @ozaynsong: Buku ke5 dari 15 target 2022. BAGUS BANGET @Husen_Jafar https://t.co/eIBGJzqB7O;94;1562283000951296000;2022-08-24 03:37:47;Twitter for iPhone;0;7
196;@farizalniezar Waini perlu di-Bahtsul Masail-kan. ü§£;51;1562035472288735232;2022-08-23 11:14:12;Twitter for iPhone;27;1
197;RT @remotivi: Video-video di Youtube sering jadi medium hiburan dan edukasi bagi anak. Tapi orang tua patut waspada dengan video yang tampa‚Ä¶;140;1562030017818664960;2022-08-23 10:52:32;Twitter for iPhone;0;1459
198;"RT @Sport77Official: SOBAT SPORTY BERTANYA‚ÄºÔ∏è

Habib Ja'far akan hadir dalam Sportcast77 episode mendatang.
 
Buat kalian yang ingin menitip‚Ä¶";140;1561943591051599872;2022-08-23 05:09:06;Twitter for iPhone;0;17
199;@ulil Lancar kuliahnya insyaAllah, Billy.;41;1561393664860909568;2022-08-21 16:43:53;Twitter for iPhone;32;0
